,Brand Name,OS,Ram Type,RAM,Processor,GPU,Warranty,ScreenSize,DISK SIZE,Price
0,Lenovo,Windows,DDR4,8,Intel,Others,2,14.0,256,36990.0
1,Lenovo,Windows,DDR4,8,Intel,Others,2,15.6,512,39990.0
2,ASUS,Windows,DDR4,8,Intel,Others,1,15.6,512,32990.0
3,HP,Windows,DDR4,8,AMD,AMD,1,15.6,512,49990.0
4,ASUS,Windows,DDR4,8,Intel,Others,1,15.6,512,49990.0
5,HP,Windows,DDR4,8,Intel,Others,1,14.0,256,36990.0
6,DELL,Windows,DDR4,8,Intel,Others,1,15.6,1024,38990.0
7,RedmiBook,Windows,DDR4,8,Intel,Others,1,15.6,512,39990.0
8,Others,Windows,DDR4,8,Intel,Others,1,14.0,256,46990.0
9,ASUS,Windows,DDR4,16,AMD,AMD,1,14.0,512,44990.0
10,HP,Windows,DDR4,8,AMD,AMD,1,15.6,512,59990.0
11,Lenovo,Windows,DDR4,8,AMD,AMD,2,,512,38705.0
12,ASUS,Windows,DDR4,8,Intel,Others,1,15.6,256,32990.0
13,ASUS,Windows,DDR4,8,AMD,AMD,1,,512,52990.0
14,acer,Windows,DDR4,8,Intel,Others,1,,256,29990.0
15,ASUS,Windows,DDR5,16,AMD,Others,1,15.6,1024,196990.0
16,ASUS,Windows,DDR4,8,Intel,Others,1,15.6,1024,47990.0
17,ASUS,Windows,DDR4,8,Intel,Others,1,,512,45990.0
18,MSI,Windows,DDR4,8,AMD,AMD,1,15.6,512,47990.0
19,ASUS,Windows,DDR4,16,AMD,Others,1,15.6,1024,85990.0
20,APPLE,Mac,DDR4,8,Others,Others,1,14.0,256,88990.0
21,HP,Windows,DDR4,8,Intel,Others,1,14.0,512,40990.0
22,Lenovo,Others,Others,4,Intel,Intel,1,15.6,256,19490.0
23,Lenovo,Windows,DDR4,8,AMD,AMD,2,,512,35590.0
24,HP,Windows,DDR4,8,Intel,Others,1,,512,65990.0
25,RedmiBook,Windows,DDR4,8,Intel,Others,1,15.6,512,39990.0
26,Lenovo,Windows,DDR4,8,Intel,Others,2,15.6,512,39990.0
27,ASUS,Windows,DDR5,16,AMD,Others,1,15.6,1024,196990.0
28,acer,Windows,DDR4,16,Intel,Others,1,15.6,512,58990.0
29,Others,Windows,DDR4,8,Intel,Others,1,14.0,256,46990.0
30,Lenovo,Windows,DDR4,8,AMD,AMD,2,,512,38705.0
31,ASUS,Windows,DDR4,16,AMD,Others,1,15.6,1024,85990.0
32,acer,Windows,DDR4,8,AMD,AMD,1,,256,24990.0
33,acer,Windows,DDR4,8,AMD,AMD,1,15.6,512,47990.0
34,ASUS,Windows,DDR4,8,AMD,AMD,1,,512,73990.0
35,Lenovo,Windows,DDR4,8,Intel,Others,2,,512,53490.0
36,Lenovo,Windows,DDR4,8,AMD,AMD,2,,512,35590.0
37,ASUS,Windows,DDR4,16,AMD,Others,1,15.6,1024,150990.0
38,Lenovo,Windows,DDR4,8,Intel,Others,1,,512,51990.0
39,ASUS,Windows,DDR4,16,Intel,Others,1,,512,66990.0
40,Lenovo,Windows,DDR4,8,Intel,Others,2,14.0,256,36990.0
41,ASUS,Windows,DDR5,16,AMD,Others,1,15.6,1024,194990.0
42,acer,Windows,DDR4,16,AMD,AMD,1,,512,51990.0
43,HP,Windows,DDR4,8,AMD,AMD,1,14.0,256,25990.0
44,acer,Windows,DDR4,8,AMD,AMD,1,15.6,512,35990.0
45,ASUS,Windows,DDR4,8,Intel,Others,1,15.6,512,43990.0
46,Lenovo,Windows,DDR4,8,AMD,AMD,2,15.6,512,44990.0
47,Lenovo,Windows,DDR4,8,AMD,AMD,1,15.6,512,64490.0
48,ASUS,Windows,DDR4,8,Intel,Others,1,15.6,256,40990.0
49,ASUS,Windows,DDR4,8,Intel,Others,1,14.0,512,38990.0
50,Lenovo,Windows,DDR4,8,Intel,Others,2,14.0,256,36990.0
51,RedmiBook,Windows,DDR4,8,Intel,Others,1,15.6,512,39990.0
52,HP,Windows,DDR4,8,Intel,Others,1,15.6,512,58990.0
53,Others,Windows,DDR4,8,Intel,Intel,1,14.0,512,59990.0
54,acer,Windows,DDR4,8,Intel,Others,1,15.6,512,47990.0
55,HP,Windows,DDR4,8,AMD,AMD,1,15.6,512,37499.0
56,ASUS,Windows,DDR5,16,AMD,Others,1,15.6,1024,196990.0
57,Lenovo,Windows,DDR4,8,AMD,AMD,2,,512,38705.0
58,ASUS,Windows,DDR4,8,AMD,Others,1,,1024,94990.0
59,ASUS,Windows,DDR4,8,Intel,Others,1,15.6,512,32990.0
60,ASUS,Windows,DDR4,16,AMD,Others,1,15.6,1024,85990.0
61,Lenovo,Windows,DDR4,8,AMD,AMD,2,,512,35590.0
62,ASUS,Windows,DDR4,4,Intel,Intel,1,14.0,256,23990.0
63,HP,Windows,DDR4,16,AMD,AMD,1,14.0,512,48990.0
64,APPLE,Mac,,8,Others,Others,1,,512,139990.0
65,ASUS,Windows,DDR4,16,AMD,AMD,1,,512,89990.0
66,ASUS,Windows,DDR4,16,AMD,Others,1,15.6,1024,150990.0
67,Lenovo,Windows,DDR4,8,Intel,Others,2,15.6,512,39990.0
68,ASUS,Windows,DDR4,8,AMD,Others,1,15.6,1024,59990.0
69,DELL,Windows,DDR4,16,AMD,NVIDIA,1,15.6,512,70990.0
70,ASUS,Windows,DDR5,16,AMD,Others,1,15.6,1024,194990.0
71,Lenovo,Windows,DDR4,8,AMD,AMD,2,15.6,512,44990.0
72,Infinix,Windows,Others,8,Intel,Intel,1,14.0,256,22990.0
73,HP,Windows,DDR4,8,AMD,AMD,1,15.6,512,46990.0
74,ASUS,Windows,DDR4,8,Intel,Others,1,15.6,1024,50990.0
75,Infinix,Windows,Others,8,Intel,Others,1,14.0,256,28990.0
76,RedmiBook,Windows,DDR4,8,Intel,Others,1,15.6,512,39990.0
77,Lenovo,Windows,DDR4,8,AMD,AMD,2,,512,38705.0
78,MSI,Windows,DDR4,16,Intel,Others,2,15.6,512,84990.0
79,APPLE,Mac,,16,Others,Others,1,14.0,512,181990.0
80,ASUS,Windows,DDR5,16,AMD,Others,1,15.6,1024,196990.0
81,ASUS,Windows,DDR4,16,AMD,Others,1,15.6,1024,85990.0
82,MSI,Windows,DDR4,16,AMD,Others,1,15.6,1024,109990.0
83,Others,Windows,Others,4,Others,Others,1,,128,32990.0
84,Infinix,Windows,Others,16,Intel,Others,1,,512,37990.0
85,APPLE,Mac,,8,Others,Others,1,,512,139990.0
86,Lenovo,Windows,DDR4,8,AMD,AMD,2,,512,35590.0
87,ASUS,Windows,DDR4,16,AMD,Others,1,15.6,1024,150990.0
88,Lenovo,Windows,DDR4,4,Intel,Others,1,15.6,256,29990.0
89,Lenovo,Others,DDR4,4,Intel,Others,1,,128,19490.0
90,Lenovo,Windows,DDR4,8,Intel,Others,2,14.0,256,36990.0
91,Lenovo,Windows,DDR4,8,AMD,AMD,1,15.6,512,73490.0
92,ASUS,Windows,DDR4,8,AMD,Others,1,15.6,1024,52990.0
93,HP,Windows,DDR4,8,Intel,Others,1,,512,41890.0
94,DELL,Windows,DDR4,8,Intel,Intel,1,15.6,256,30428.0
95,acer,Windows,DDR4,8,Intel,Others,1,,512,34990.0
96,Lenovo,Others,DDR4,4,Intel,Others,1,,128,19490.0
97,Lenovo,Windows,DDR4,4,Intel,Others,1,15.6,256,29990.0
98,APPLE,Mac,DDR4,8,Others,Others,1,14.0,256,88990.0
99,Lenovo,Windows,DDR4,8,Intel,Others,2,14.0,256,36990.0
100,MSI,Windows,DDR4,8,Intel,Others,2,,512,65990.0
101,ASUS,Windows,DDR4,8,Intel,Others,1,15.6,512,33490.0
102,HP,Windows,DDR4,16,Intel,Others,1,14.0,512,60990.0
103,Lenovo,Windows,DDR4,8,Intel,Others,2,15.6,512,39990.0
104,HP,Windows,DDR4,8,AMD,AMD,1,15.6,512,46990.0
105,ASUS,Windows,DDR4,16,AMD,AMD,1,,512,59990.0
106,MSI,Windows,DDR4,16,Intel,Others,2,15.6,1024,114990.0
107,RedmiBook,Windows,DDR4,8,Intel,Others,1,15.6,512,39990.0
108,ASUS,Windows,DDR4,16,Intel,Others,1,15.6,1024,119990.0
109,Infinix,Windows,Others,8,Intel,Others,1,,512,42990.0
110,ASUS,Windows,Others,16,Intel,Others,1,,512,89990.0
111,Lenovo,Windows,DDR4,8,AMD,AMD,2,,512,38705.0
112,MSI,Windows,DDR4,8,AMD,AMD,1,15.6,512,79990.0
113,ASUS,Windows,DDR4,8,Intel,Others,1,15.6,1024,70990.0
114,Lenovo,Windows,DDR4,8,Intel,Others,1,,256,33900.0
115,ASUS,Windows,DDR5,16,AMD,Others,1,15.6,1024,196990.0
116,Others,Windows,DDR4,8,Intel,Intel,1,14.0,512,59990.0
117,Infinix,Windows,Others,16,Intel,Others,1,,512,52990.0
118,APPLE,Mac,DDR4,16,Others,Others,1,14.0,512,124990.0
119,ASUS,Windows,DDR4,16,AMD,Others,1,15.6,1024,85990.0
120,RedmiBook,Windows,DDR4,8,Intel,Others,1,15.6,256,31990.0
121,acer,Windows,DDR4,16,AMD,AMD,1,,512,66990.0
122,DELL,Windows,DDR4,16,AMD,NVIDIA,1,15.6,512,89081.0
123,Lenovo,Windows,DDR4,8,Intel,Others,2,14.0,256,36990.0
124,APPLE,Mac,DDR4,8,Others,Others,1,14.0,512,104990.0
125,Lenovo,Windows,DDR4,8,Intel,Others,2,15.6,512,53490.0
126,ASUS,Windows,Others,8,Intel,Others,1,,256,45990.0
127,Lenovo,Windows,DDR4,8,Intel,Others,2,15.6,512,39990.0
128,ASUS,Windows,DDR4,8,Intel,Others,1,15.6,512,45990.0
129,MSI,Windows,DDR4,8,Intel,Others,2,15.6,512,51990.0
130,HP,Windows,DDR4,16,AMD,AMD,1,15.6,512,75990.0
131,RedmiBook,Windows,DDR4,8,Intel,Others,1,15.6,512,39990.0
132,Lenovo,Windows,DDR4,8,Intel,Others,2,,256,36990.0
133,HP,Windows,DDR4,16,Intel,Others,1,14.0,512,78800.0
134,HP,Windows,DDR4,8,AMD,AMD,1,15.6,512,29390.0
135,Lenovo,Windows,DDR4,8,AMD,AMD,2,,512,38705.0
136,Infinix,Windows,Others,8,Intel,Others,1,14.0,256,30990.0
137,Lenovo,Windows,DDR4,16,Intel,Others,2,,512,62490.0
138,ASUS,Windows,DDR4,16,Intel,Others,1,,512,89990.0
139,ASUS,Windows,DDR5,16,AMD,Others,1,15.6,1024,196990.0
140,HP,Windows,DDR4,8,Intel,Others,1,15.6,512,58899.0
141,MSI,Windows,DDR4,16,Intel,Others,2,,512,85990.0
142,DELL,Windows,DDR4,8,AMD,Others,1,14.0,1024,33099.0
143,ASUS,Windows,DDR4,16,AMD,Others,1,15.6,1024,85990.0
144,Lenovo,Windows,DDR4,8,AMD,AMD,1,15.6,512,73490.0
145,Lenovo,Windows,DDR4,8,Intel,Others,1,15.6,1024,63490.0
146,Lenovo,Windows,DDR4,8,Intel,Others,2,14.0,256,36990.0
147,Lenovo,Windows,DDR4,8,Intel,Others,2,15.6,512,39990.0
148,ASUS,Windows,DDR4,8,AMD,AMD,1,14.0,512,38990.0
149,HP,Windows,DDR4,8,Intel,Others,1,15.6,512,67990.0
150,RedmiBook,Windows,DDR4,8,Intel,Others,1,15.6,512,39990.0
151,ASUS,Windows,DDR5,16,AMD,Others,1,15.6,1024,196990.0
152,HP,Windows,DDR4,8,Intel,Others,1,15.6,512,39790.0
153,APPLE,Mac,,16,Others,Others,1,15.6,1024,241990.0
154,APPLE,Mac,DDR4,8,Others,Others,1,14.0,512,104990.0
155,DELL,Windows,DDR4,8,AMD,AMD,1,,512,42190.0
156,Lenovo,Windows,DDR4,8,AMD,AMD,2,,512,38705.0
157,ASUS,Windows,DDR4,16,AMD,Others,1,15.6,1024,85990.0
158,ASUS,Windows,DDR4,8,Intel,Others,1,14.0,512,39990.0
159,ASUS,Windows,DDR5,16,Intel,Others,1,15.6,1024,99990.0
160,Lenovo,Windows,DDR4,8,AMD,AMD,2,,512,35590.0
161,ASUS,Windows,DDR4,16,AMD,Others,1,15.6,1024,150990.0
162,APPLE,Mac,,32,Others,Others,1,15.6,1024,309490.0
163,ASUS,Windows,DDR4,16,Intel,Others,1,15.6,1024,64990.0
164,ASUS,Windows,DDR4,16,AMD,AMD,1,,512,89990.0
165,ASUS,Windows,DDR4,16,AMD,AMD,1,15.6,512,85990.0
166,ASUS,Windows,DDR5,16,AMD,Others,1,15.6,1024,194990.0
167,Lenovo,Windows,DDR4,8,AMD,AMD,2,15.6,512,44990.0
168,APPLE,Mac,,16,Others,Others,1,14.0,1024,222990.0
169,Others,Others,Others,4,Intel,Intel,1,14.0,128,15990.0
170,Lenovo,Windows,DDR4,8,Intel,Others,2,14.0,256,36990.0
171,Lenovo,Windows,DDR4,8,Intel,Others,2,15.6,512,39990.0
172,DELL,Windows,DDR4,8,Intel,Others,1,15.6,1024,45900.0
173,ASUS,Windows,Others,16,Intel,Others,1,,512,79990.0
174,ASUS,Windows,DDR4,8,Intel,Others,1,14.0,512,56990.0
175,DELL,Windows,DDR4,8,AMD,AMD,1,15.6,256,34990.0
176,RedmiBook,Windows,DDR4,8,Intel,Others,1,15.6,512,39990.0
177,ASUS,Windows,DDR5,16,AMD,Others,1,15.6,1024,196990.0
178,DELL,Windows,DDR4,8,Intel,Others,1,15.6,512,43580.0
179,Lenovo,Windows,DDR4,16,AMD,AMD,2,14.0,512,74990.0
180,Lenovo,Windows,DDR4,8,AMD,AMD,2,,512,38705.0
181,ASUS,Windows,DDR4,16,AMD,Others,1,15.6,1024,85990.0
182,Lenovo,Windows,DDR4,8,Intel,Others,2,15.6,512,37490.0
183,Infinix,Windows,Others,4,Intel,Intel,1,14.0,128,20990.0
184,MSI,Windows,DDR4,16,Intel,Others,2,15.6,512,109990.0
185,ASUS,Windows,Others,16,Intel,Others,1,,512,71990.0
186,Lenovo,Windows,DDR4,8,AMD,AMD,2,,512,35590.0
187,ASUS,Windows,DDR4,16,AMD,Others,1,15.6,1024,150990.0
188,Infinix,Windows,Others,8,Intel,Others,1,14.0,512,32990.0
189,MSI,Windows,DDR4,8,AMD,AMD,1,14.0,512,43990.0
190,Lenovo,Windows,DDR4,8,AMD,AMD,1,15.6,512,73490.0
191,ASUS,Windows,DDR5,16,AMD,Others,1,15.6,1024,194990.0
192,acer,Windows,DDR4,8,AMD,AMD,1,14.0,256,25990.0
193,ASUS,Windows,DDR4,16,Intel,Others,1,15.6,1024,122990.0
194,acer,Windows,DDR4,16,Intel,Others,1,,512,68990.0
195,acer,Windows,DDR4,8,Intel,Others,1,,512,59990.0
196,Lenovo,Windows,DDR4,8,Intel,Others,2,14.0,256,36990.0
197,Lenovo,Windows,DDR4,8,Intel,Others,2,15.6,512,39990.0
198,acer,Windows,DDR4,8,AMD,AMD,1,15.6,512,39990.0
199,ASUS,Windows,DDR4,8,Intel,Others,1,15.6,1024,37990.0
200,RedmiBook,Windows,DDR4,8,Intel,Others,1,15.6,512,39990.0
201,ASUS,Windows,DDR5,16,AMD,Others,1,15.6,1024,196990.0
202,Lenovo,Windows,DDR4,4,Intel,Others,1,14.0,256,25950.0
203,Others,Windows,Others,16,Intel,Others,1,14.0,512,64999.0
204,HP,Windows,DDR4,8,AMD,AMD,1,,512,60990.0
205,ASUS,Windows,DDR4,8,Intel,Others,1,15.6,512,36990.0
206,Lenovo,Windows,DDR4,8,AMD,AMD,2,,512,38705.0
207,ASUS,Windows,DDR4,16,AMD,Others,1,15.6,1024,85990.0
208,Others,Windows,Others,8,Intel,Others,1,,256,59990.0
209,APPLE,Mac,,16,Others,Others,1,15.6,512,222990.0
210,Lenovo,Windows,DDR4,8,AMD,AMD,2,,512,35590.0
211,ASUS,Windows,DDR4,16,AMD,Others,1,15.6,1024,150990.0
212,DELL,Windows,DDR5,16,Intel,Others,1,,1024,235283.0
213,DELL,Windows,DDR4,8,Intel,Others,1,,512,38990.0
214,ASUS,Windows,DDR4,16,AMD,AMD,1,,512,67990.0
215,MSI,Windows,DDR4,16,Intel,Others,2,,512,79990.0
216,Lenovo,Windows,DDR4,8,Intel,Others,2,14.0,256,36990.0
217,RedmiBook,Windows,DDR4,8,Intel,Others,1,15.6,512,39990.0
218,ASUS,Windows,DDR4,16,AMD,AMD,1,,512,67990.0
219,MSI,Windows,DDR4,16,Intel,Others,2,,512,79990.0
220,ASUS,Windows,DDR5,16,AMD,Others,1,15.6,1024,196990.0
221,Lenovo,Windows,DDR4,8,AMD,AMD,2,,512,38705.0
222,ASUS,Windows,Others,16,Intel,Others,1,,512,89990.0
223,ASUS,Windows,DDR5,32,Intel,Others,1,,1024,241990.0
224,ASUS,Windows,DDR4,8,Intel,Others,1,14.0,512,43490.0
225,Others,Windows,DDR4,8,Intel,Others,1,14.0,256,46990.0
226,ASUS,Windows,DDR4,16,AMD,Others,1,15.6,1024,85990.0
227,Lenovo,Windows,DDR4,8,AMD,AMD,2,,512,35590.0
228,Others,Windows,DDR4,8,AMD,AMD,2,15.6,512,40990.0
229,APPLE,Mac,DDR4,8,Others,Others,1,14.0,256,94990.0
230,ASUS,Windows,DDR4,16,AMD,Others,1,15.6,1024,150990.0
231,Lenovo,Windows,DDR4,8,Intel,Others,2,15.6,512,39990.0
232,MSI,Windows,DDR4,16,Intel,Others,2,15.6,1024,114990.0
233,APPLE,Mac,,8,Others,Others,1,,256,121990.0
234,ASUS,Windows,DDR4,8,Intel,Others,1,15.6,1024,37990.0
235,ASUS,Windows,DDR4,8,Intel,Intel,1,,256,27990.0
236,ASUS,Windows,DDR5,16,AMD,Others,1,15.6,1024,194990.0
237,Lenovo,Windows,DDR4,8,AMD,AMD,2,15.6,512,44990.0
238,DELL,Windows,DDR4,8,AMD,AMD,1,,512,40190.0
239,Lenovo,Windows,DDR4,8,AMD,Others,1,15.6,512,34990.0
240,Lenovo,Windows,DDR4,8,Intel,Others,2,15.6,512,39990.0
241,RedmiBook,Windows,DDR4,8,Intel,Others,1,15.6,512,39990.0
242,ASUS,Windows,Others,16,Intel,Others,1,14.0,1024,94990.0
243,Lenovo,Windows,DDR4,8,Intel,Others,1,15.6,512,69990.0
244,ASUS,Windows,DDR4,8,Intel,Others,1,15.6,512,59990.0
245,ASUS,Windows,DDR4,16,Intel,Others,1,,512,66990.0
246,ASUS,Windows,DDR5,16,AMD,Others,1,15.6,1024,196990.0
247,Lenovo,Windows,DDR4,8,AMD,AMD,2,,512,38705.0
248,ASUS,Windows,Others,16,Intel,Others,1,,512,104990.0
249,DELL,Windows,DDR4,8,Intel,Others,1,14.0,256,54900.0
250,ASUS,Windows,DDR4,16,AMD,Others,1,15.6,1024,85990.0
251,Lenovo,Windows,DDR4,8,AMD,AMD,2,,512,35590.0
252,Lenovo,Windows,DDR4,16,AMD,Others,2,15.6,1024,136990.0
253,DELL,Windows,DDR4,8,AMD,AMD,1,15.6,512,48184.0
254,ASUS,Windows,DDR4,16,Intel,Others,1,,512,74990.0
255,acer,Windows,DDR4,8,Intel,Others,1,15.6,512,60990.0
256,ASUS,Windows,DDR4,16,AMD,Others,1,15.6,1024,150990.0
257,Lenovo,Windows,DDR4,8,Intel,Others,2,14.0,256,36990.0
258,HP,Windows,DDR4,8,AMD,AMD,1,14.0,512,49990.0
259,DELL,Windows,DDR4,8,Intel,NVIDIA,1,15.6,512,67990.0
260,ASUS,Windows,DDR5,16,AMD,Others,1,15.6,1024,194990.0
261,Lenovo,Windows,DDR4,8,AMD,AMD,2,15.6,512,44990.0
262,Lenovo,Windows,DDR4,8,Intel,Others,2,,512,58000.0
263,Infinix,Windows,Others,8,Intel,Others,1,14.0,256,29990.0
264,ASUS,Windows,Others,16,AMD,Others,1,,1024,114990.0
265,HP,Windows,DDR4,8,AMD,AMD,1,15.6,512,33990.0
266,RedmiBook,Windows,DDR4,8,Intel,Others,1,15.6,512,39990.0
267,ASUS,Windows,DDR5,16,AMD,Others,1,15.6,1024,196990.0
268,ASUS,Windows,DDR4,16,AMD,AMD,1,15.6,512,64990.0
269,Lenovo,Windows,DDR4,16,Intel,Others,1,15.6,512,79990.0
270,Lenovo,Windows,DDR4,8,AMD,AMD,2,,512,38705.0
271,ASUS,Windows,DDR4,16,AMD,Others,1,15.6,1024,85990.0
272,Infinix,Windows,Others,8,Intel,Others,1,14.0,256,28990.0
273,ASUS,Windows,DDR4,8,AMD,Others,1,15.6,512,56990.0
274,HP,Windows,DDR4,16,AMD,AMD,1,14.0,512,81990.0
275,MSI,Windows,DDR4,16,Intel,Others,2,15.6,1024,129990.0
276,Lenovo,Windows,DDR4,8,AMD,AMD,2,,512,35590.0
277,ASUS,Windows,DDR4,16,AMD,Others,1,15.6,1024,150990.0
278,DELL,Windows,DDR4,8,AMD,Others,1,15.6,1024,38990.0
279,HP,Windows,DDR4,16,AMD,Others,1,15.6,1024,79990.0
280,Lenovo,Windows,DDR4,8,Intel,Others,2,14.0,256,36990.0
281,Lenovo,Windows,DDR4,8,Intel,Others,2,15.6,512,39990.0
282,APPLE,Mac,,8,Others,Others,1,,512,139990.0
283,ASUS,Windows,DDR5,16,Intel,Others,1,15.6,1024,109990.0
284,ASUS,Windows,DDR5,16,AMD,Others,1,,1024,154990.0
285,Lenovo,Windows,DDR4,16,Intel,Others,1,,512,62990.0
286,ASUS,Windows,DDR5,16,AMD,Others,1,15.6,1024,194990.0
287,Lenovo,Windows,DDR4,8,AMD,AMD,2,15.6,512,44990.0
288,ASUS,Windows,DDR4,8,Intel,Others,1,14.0,512,47990.0
289,DELL,Windows,DDR4,8,AMD,AMD,1,,512,43667.0
290,ASUS,Windows,DDR5,16,AMD,Others,1,15.6,1024,135990.0
291,Lenovo,Windows,DDR4,8,Intel,Others,2,14.0,256,36990.0
292,ASUS,Windows,DDR5,16,AMD,AMD,1,,512,98990.0
293,Infinix,Windows,Others,16,Intel,Others,1,,512,46990.0
294,ASUS,Windows,DDR4,8,Intel,Others,1,,256,35990.0
295,Lenovo,Windows,DDR4,8,Intel,Others,2,15.6,512,39990.0
296,ASUS,Windows,DDR5,16,Intel,Others,1,15.6,1024,109990.0
297,APPLE,Mac,,8,Others,Others,1,,512,139990.0
298,DELL,Windows,DDR4,8,Intel,Others,1,,512,74770.0
299,RedmiBook,Windows,DDR4,8,Intel,Others,1,15.6,512,39990.0
300,HP,Windows,DDR4,8,AMD,AMD,1,,512,40799.0
301,ASUS,Windows,DDR4,16,Intel,Others,1,15.6,512,69490.0
302,ASUS,Windows,DDR4,8,Intel,Others,1,14.0,512,39990.0
303,Lenovo,Windows,DDR4,8,AMD,AMD,2,,512,38705.0
304,ASUS,Windows,Others,16,AMD,AMD,1,,512,99990.0
305,APPLE,Mac,,16,Others,Others,1,15.6,1024,241990.0
306,acer,Windows,DDR4,8,Intel,Others,1,,512,40990.0
307,ASUS,Windows,DDR5,16,AMD,Others,1,15.6,1024,196990.0
308,HP,Windows,DDR4,8,Intel,Others,1,15.6,512,60390.0
309,HP,Windows,DDR4,8,Intel,Others,1,15.6,1024,69990.0
310,ASUS,Windows,DDR4,8,Intel,Others,1,,256,44990.0
311,ASUS,Windows,DDR4,16,AMD,Others,1,15.6,1024,85990.0
312,ASUS,Windows,DDR4,8,Intel,Others,1,15.6,256,44990.0
313,HP,Windows,DDR4,8,Intel,Others,1,15.6,512,60390.0
314,ASUS,Windows,DDR4,16,Intel,Others,1,15.6,512,69490.0
315,HP,Windows,DDR4,8,AMD,AMD,1,,512,40799.0
316,Lenovo,Windows,DDR4,8,Intel,Others,2,15.6,512,39990.0
317,RedmiBook,Windows,DDR4,8,Intel,Others,1,15.6,512,39990.0
318,HP,Windows,DDR4,16,AMD,AMD,1,,512,55990.0
319,Lenovo,Windows,Others,16,Intel,Others,1,,512,74990.0
320,ASUS,Windows,DDR5,16,AMD,Others,1,15.6,1024,196990.0
321,Lenovo,Windows,DDR4,8,AMD,AMD,2,,512,38705.0
322,HP,Windows,DDR4,8,Intel,Others,1,15.6,1024,69990.0
323,ASUS,Windows,DDR4,8,Intel,Others,1,,256,44990.0
324,ASUS,Windows,DDR4,8,Intel,Others,1,15.6,1024,59990.0
325,APPLE,Mac,,16,Others,Others,1,15.6,512,222990.0
326,ASUS,Windows,DDR4,16,AMD,Others,1,15.6,1024,85990.0
327,Lenovo,Windows,DDR4,8,AMD,AMD,2,,512,35590.0
328,DELL,Windows,DDR4,8,Intel,Others,1,,512,74770.0
329,ASUS,Windows,DDR5,16,Intel,Others,1,15.6,1024,109990.0
330,ASUS,Windows,DDR4,16,AMD,Others,1,15.6,1024,150990.0
331,Lenovo,Windows,DDR4,8,Intel,Others,2,14.0,256,36990.0
332,acer,Windows,DDR4,8,AMD,AMD,1,,512,62990.0
333,acer,Windows,DDR4,8,Intel,Others,1,,512,40990.0
334,MSI,Windows,DDR4,8,Intel,Others,2,15.6,512,58499.0
335,Lenovo,Windows,DDR4,8,Intel,Others,1,15.6,1024,65990.0
336,Lenovo,Windows,DDR4,8,Intel,Others,2,14.0,256,36990.0
337,RedmiBook,Windows,DDR4,8,Intel,Others,1,15.6,512,39990.0
338,DELL,Windows,DDR5,16,Intel,Others,1,,512,111990.0
339,Lenovo,Windows,DDR4,16,Intel,Others,1,15.6,512,68490.0
340,ASUS,Windows,DDR5,16,AMD,Others,1,15.6,1024,196990.0
341,Lenovo,Windows,DDR4,8,AMD,AMD,2,,512,38705.0
342,Infinix,Windows,Others,16,Intel,Others,1,,512,46990.0
343,ASUS,Windows,DDR4,8,Intel,Others,2,14.0,1024,83990.0
344,acer,Windows,DDR4,8,Intel,Others,1,15.6,512,54990.0
345,ASUS,Others,Others,4,Intel,Others,1,14.0,128,14990.0
346,ASUS,Windows,DDR4,16,AMD,Others,1,15.6,1024,85990.0
347,Lenovo,Windows,DDR4,8,AMD,AMD,2,,512,35590.0
348,APPLE,Mac,DDR4,8,Others,Others,1,14.0,1024,149990.0
349,DELL,Windows,DDR4,8,Intel,NVIDIA,1,,512,63090.0
350,ASUS,Windows,DDR4,16,AMD,Others,1,15.6,1024,150990.0
351,Lenovo,Windows,DDR4,8,Intel,Others,2,15.6,512,39990.0
352,MSI,Windows,DDR5,16,Intel,Others,2,15.6,1024,200000.0
353,Lenovo,Windows,DDR4,8,Intel,Others,1,,256,37390.0
354,ASUS,Windows,Others,8,Intel,Others,1,14.0,512,63990.0
355,DELL,Windows,DDR4,4,Intel,Others,1,,512,43090.0
356,ASUS,Windows,DDR5,16,AMD,Others,1,15.6,1024,194990.0
357,Lenovo,Windows,DDR4,8,AMD,AMD,2,15.6,512,44990.0
358,Lenovo,Windows,DDR4,4,Intel,Others,1,15.6,256,44700.0
359,HP,Windows,DDR4,8,Intel,Others,1,14.0,256,41150.0
360,Lenovo,Windows,DDR4,8,Intel,Others,2,14.0,256,36990.0
361,Lenovo,Windows,DDR4,8,Intel,Others,2,15.6,512,39990.0
362,ASUS,Windows,DDR4,8,AMD,AMD,1,15.6,256,33990.0
363,MSI,Windows,DDR5,16,Intel,Others,2,,1024,190890.0
364,ASUS,Windows,Others,16,Intel,Others,1,,1024,174990.0
365,HP,Windows,DDR4,16,AMD,Others,1,15.6,1024,118990.0
366,RedmiBook,Windows,DDR4,8,Intel,Others,1,15.6,512,39990.0
367,ASUS,Windows,DDR5,16,AMD,Others,1,15.6,1024,196990.0
368,ASUS,Windows,DDR4,16,Intel,Others,1,15.6,512,63980.0
369,acer,Windows,DDR4,8,AMD,AMD,1,15.6,512,54300.0
370,Lenovo,Windows,DDR4,8,AMD,AMD,2,,512,38705.0
371,ASUS,Windows,DDR4,16,AMD,Others,1,15.6,1024,85990.0
372,DELL,Windows,DDR4,8,AMD,AMD,1,,256,36400.0
373,ASUS,Windows,DDR4,4,Intel,Others,1,15.6,256,28590.0
374,DELL,Windows,DDR4,16,AMD,AMD,1,15.6,512,69999.0
375,ASUS,Windows,DDR5,32,Intel,Others,1,15.6,1024,301990.0
376,Lenovo,Windows,DDR4,8,AMD,AMD,2,,512,35590.0
377,ASUS,Windows,DDR4,16,AMD,Others,1,15.6,1024,150990.0
378,Lenovo,Windows,DDR4,8,Intel,Others,2,15.6,256,37000.0
379,Lenovo,Windows,DDR4,16,Intel,Others,1,14.0,512,64990.0
380,Lenovo,Windows,DDR4,8,AMD,AMD,1,15.6,512,73490.0
381,ASUS,Windows,DDR5,16,AMD,Others,1,15.6,1024,194990.0
382,DELL,Windows,DDR4,8,Intel,Others,1,,256,42690.0
383,ASUS,Windows,DDR5,16,AMD,Others,1,15.6,1024,140990.0
384,Lenovo,Windows,DDR4,4,Intel,Others,1,15.6,256,38990.0
385,HP,Windows,Others,16,Intel,Others,1,14.0,512,128990.0
386,acer,Windows,DDR4,8,Intel,Others,1,15.6,512,54999.0
387,Lenovo,Windows,DDR4,8,Intel,Others,2,14.0,256,36990.0
388,acer,Windows,DDR4,8,Intel,Others,1,15.6,1024,60130.0
389,acer,Windows,DDR4,8,Intel,Intel,1,14.0,256,29490.0
390,DELL,Windows,DDR4,8,Intel,Others,1,,512,72490.0
391,Lenovo,Windows,DDR4,8,Intel,Others,2,15.6,512,39990.0
392,Others,Windows,DDR4,16,Intel,Others,2,,512,73990.0
393,acer,Windows,DDR4,8,Intel,Others,1,15.6,1024,47130.0
394,Lenovo,Windows,DDR4,8,AMD,AMD,1,14.0,512,55600.0
395,RedmiBook,Windows,DDR4,8,Intel,Others,1,15.6,512,39990.0
396,DELL,Windows,DDR4,8,AMD,AMD,1,14.0,512,49690.0
397,ASUS,Windows,DDR5,32,Intel,Others,1,15.6,1024,239990.0
398,MSI,Windows,DDR4,16,Intel,Others,2,,512,73990.0
399,Lenovo,Windows,DDR4,8,AMD,AMD,2,,512,38705.0
400,HP,Windows,DDR4,8,AMD,AMD,1,,512,52490.0
401,HP,Windows,DDR4,8,Intel,Others,1,15.6,512,41990.0
402,ASUS,Windows,DDR4,8,Intel,Intel,1,14.0,256,29990.0
403,ASUS,Windows,DDR5,16,AMD,Others,1,15.6,1024,196990.0
404,Others,Windows,DDR4,8,Intel,Others,1,14.0,512,50490.0
405,acer,Windows,DDR4,16,Intel,Others,1,15.6,1024,96490.0
406,Infinix,Windows,Others,16,Intel,Others,1,,512,37990.0
407,ASUS,Windows,DDR4,16,AMD,Others,1,15.6,1024,85990.0
408,MSI,Windows,Others,16,Intel,Others,1,14.0,512,74990.0
409,ASUS,Windows,DDR4,8,Intel,Others,1,15.6,512,51990.0
410,Lenovo,Windows,DDR4,8,Intel,Others,2,14.0,256,36990.0
411,Lenovo,Windows,DDR4,8,Intel,Others,2,15.6,512,39990.0
412,ASUS,Windows,DDR4,8,AMD,Others,1,15.6,1024,71345.0
413,ASUS,Windows,DDR4,16,Intel,Others,1,15.6,1024,101490.0
414,MSI,Windows,DDR5,32,Intel,Others,2,,1024,274990.0
415,ASUS,Windows,DDR5,16,AMD,Others,1,15.6,1024,199990.0
416,RedmiBook,Windows,DDR4,8,Intel,Others,1,15.6,512,39990.0
417,ASUS,Windows,DDR5,16,AMD,Others,1,15.6,1024,196990.0
418,DELL,Windows,DDR4,8,Intel,Others,1,,256,41090.0
419,Lenovo,Windows,DDR4,8,Intel,Others,2,15.6,256,50499.0
420,Lenovo,Windows,DDR4,8,AMD,AMD,2,,512,38705.0
421,ASUS,Windows,DDR4,16,AMD,Others,1,15.6,1024,85990.0
422,HP,Windows,DDR4,8,AMD,AMD,1,15.6,512,78950.0
423,Lenovo,Windows,Others,16,AMD,AMD,1,14.0,512,67990.0
424,ASUS,Windows,DDR4,16,AMD,Others,1,,1024,187990.0
425,Lenovo,Windows,DDR4,16,Intel,Others,2,14.0,1024,102990.0
426,Lenovo,Windows,DDR4,8,AMD,AMD,2,,512,35590.0
427,ASUS,Windows,DDR4,16,AMD,Others,1,15.6,1024,150990.0
428,ASUS,Others,DDR4,4,Intel,Others,1,15.6,256,35990.0
429,HP,Windows,DDR4,8,AMD,AMD,1,15.6,512,52575.0
430,Lenovo,Windows,DDR4,8,AMD,AMD,1,15.6,512,73490.0
431,ASUS,Windows,DDR5,16,AMD,Others,1,15.6,1024,194990.0
432,DELL,Windows,DDR4,8,AMD,AMD,1,15.6,512,50990.0
433,Lenovo,Windows,DDR4,16,Intel,Others,1,15.6,512,60125.0
434,Lenovo,Windows,DDR4,4,Intel,Others,1,14.0,256,26490.0
435,HP,Windows,DDR4,8,AMD,AMD,1,,512,80249.0
436,Lenovo,Windows,DDR4,8,Intel,Others,2,14.0,256,36990.0
437,Lenovo,Windows,DDR4,8,Intel,Others,2,15.6,512,39990.0
438,acer,Windows,DDR4,32,Intel,NVIDIA,1,15.6,1024,129999.0
439,ASUS,Windows,DDR4,8,AMD,Others,1,14.0,1024,76990.0
440,RedmiBook,Windows,DDR4,8,Intel,Others,1,15.6,512,39990.0
441,ASUS,Windows,DDR5,16,AMD,Others,1,15.6,1024,196990.0
442,ASUS,Windows,DDR4,8,Intel,Others,1,15.6,512,36990.0
443,MSI,Windows,DDR4,16,Intel,Others,2,15.6,512,107790.0
444,DELL,Windows,DDR4,16,Intel,Others,1,14.0,512,75990.0
445,ASUS,Windows,Others,16,Intel,Others,1,14.0,512,95990.0
446,Lenovo,Windows,DDR4,8,AMD,AMD,2,,512,38705.0
447,ASUS,Windows,DDR4,16,AMD,Others,1,15.6,1024,85990.0
448,acer,Windows,DDR4,8,Intel,Others,1,15.6,512,61999.0
449,HP,Windows,DDR4,8,Intel,Intel,1,14.0,256,28990.0
450,Lenovo,Windows,DDR4,8,AMD,AMD,2,,512,35590.0
451,ASUS,Windows,DDR4,16,AMD,Others,1,15.6,1024,150990.0
452,Lenovo,Windows,DDR4,8,Intel,Others,1,15.6,512,54990.0
453,ASUS,Windows,DDR4,16,Intel,Others,1,15.6,512,56990.0
454,ASUS,Windows,DDR4,8,Intel,Others,1,14.0,256,45990.0
455,ASUS,Windows,DDR4,8,Intel,Others,1,14.0,512,38216.0
456,Lenovo,Windows,DDR4,8,Intel,Others,2,14.0,256,36990.0
457,Lenovo,Windows,DDR4,8,Intel,Others,2,15.6,512,39990.0
458,MSI,Windows,DDR4,8,Intel,Others,2,15.6,512,79990.0
459,DELL,Windows,DDR4,4,Intel,Others,1,15.6,1024,43990.0
460,RedmiBook,Windows,DDR4,8,Intel,Others,1,15.6,512,39990.0
461,ASUS,Windows,DDR5,16,AMD,Others,1,15.6,1024,196990.0
462,HP,Windows,DDR4,16,AMD,Others,1,15.6,1024,108250.0
463,ASUS,Windows,DDR4,4,Intel,Others,1,15.6,1024,28990.0
464,MSI,Windows,DDR5,32,Intel,Others,2,,1024,389990.0
465,DELL,Windows,DDR4,16,Intel,Others,1,15.6,512,67224.0
466,Lenovo,Windows,DDR4,8,AMD,AMD,2,,512,38705.0
467,ASUS,Windows,DDR4,16,AMD,Others,1,15.6,1024,85990.0
468,acer,Windows,DDR4,16,AMD,Others,1,15.6,1024,114990.0
469,ASUS,Windows,DDR4,4,Intel,Others,1,14.0,1024,61249.0
470,Lenovo,Windows,DDR4,8,AMD,AMD,2,,512,35590.0
471,ASUS,Windows,DDR4,16,AMD,Others,1,15.6,1024,150990.0
472,HP,Windows,DDR4,16,Intel,Others,1,,512,69990.0
473,Lenovo,Others,DDR4,8,AMD,AMD,1,14.0,512,69990.0
474,Lenovo,Windows,DDR4,16,Intel,Others,1,15.6,512,79990.0
475,Lenovo,Windows,DDR4,8,AMD,AMD,1,15.6,256,37990.0
476,Lenovo,Windows,DDR4,8,AMD,AMD,1,15.6,512,73490.0
477,ASUS,Windows,DDR5,16,AMD,Others,1,15.6,1024,194990.0
478,Infinix,Windows,Others,8,Intel,Others,1,,512,36990.0
479,ASUS,Windows,DDR4,4,Intel,Intel,1,,128,29980.0
480,Lenovo,Windows,DDR4,8,Intel,Others,2,14.0,256,36990.0
481,RedmiBook,Windows,DDR4,8,Intel,Others,1,15.6,512,39990.0
482,ASUS,Windows,Others,16,Intel,Others,1,14.0,512,95990.0
483,DELL,Windows,DDR4,8,AMD,AMD,1,,512,41600.0
484,DELL,Windows,DDR4,16,Intel,Others,1,15.6,512,67224.0
485,ASUS,Windows,DDR4,8,Intel,Others,1,,512,61986.0
486,ASUS,Windows,DDR5,16,AMD,Others,1,15.6,1024,196990.0
487,Lenovo,Windows,DDR4,8,AMD,AMD,2,,512,38705.0
488,ASUS,Windows,DDR4,4,Intel,Others,1,14.0,1024,61249.0
489,HP,Windows,DDR4,8,AMD,AMD,1,15.6,256,38999.0
490,ASUS,Windows,DDR4,16,AMD,Others,1,15.6,1024,85990.0
491,Lenovo,Windows,DDR4,8,AMD,AMD,2,,512,35590.0
492,Lenovo,Windows,DDR4,4,Intel,Others,1,,256,31990.0
493,Lenovo,Windows,DDR4,8,AMD,AMD,1,15.6,256,37990.0
494,ASUS,Windows,DDR4,4,Intel,Intel,1,,128,29980.0
495,ASUS,Windows,DDR4,8,Intel,Others,1,,512,46990.0
496,ASUS,Windows,DDR4,16,AMD,Others,1,15.6,1024,150990.0
497,Lenovo,Windows,DDR4,8,AMD,AMD,1,15.6,512,73490.0
498,Infinix,Windows,Others,8,Intel,Others,1,14.0,512,37990.0
499,Infinix,Windows,Others,8,Intel,Others,1,,512,36990.0
500,Lenovo,Windows,DDR4,8,Intel,Others,2,15.6,512,39990.0
501,ASUS,Windows,DDR5,16,AMD,Others,1,15.6,1024,194990.0
502,acer,Windows,DDR4,8,AMD,Others,1,15.6,1024,61490.0
503,HP,Windows,DDR4,16,AMD,Others,1,15.6,1024,109990.0
504,HP,Windows,DDR4,8,AMD,AMD,1,,512,54990.0
505,Lenovo,Windows,DDR4,8,AMD,AMD,2,14.0,512,50990.0
506,Lenovo,Windows,DDR4,8,Intel,Others,2,14.0,256,36990.0
507,RedmiBook,Windows,DDR4,8,Intel,Others,1,15.6,512,39990.0
508,MSI,Windows,DDR4,8,Intel,Others,2,15.6,1024,62190.0
509,ASUS,Others,Others,4,Intel,Others,1,15.6,128,24390.0
510,ASUS,Windows,DDR5,16,AMD,Others,1,15.6,1024,196990.0
511,Lenovo,Windows,DDR4,8,AMD,AMD,2,,512,38705.0
512,Lenovo,Windows,DDR4,8,Intel,Others,2,15.6,1024,36990.0
513,HP,Windows,DDR4,16,AMD,Others,1,15.6,1024,159990.0
514,ASUS,Windows,DDR4,4,Intel,Others,1,,256,34490.0
515,ASUS,Windows,DDR4,16,AMD,Others,1,15.6,512,99990.0
516,ASUS,Windows,DDR4,16,AMD,Others,1,15.6,1024,85990.0
517,Lenovo,Windows,DDR4,8,AMD,AMD,2,,512,35590.0
518,ASUS,Windows,Others,8,Intel,Others,1,,512,79990.0
519,Infinix,Windows,Others,4,Intel,Intel,1,14.0,128,20990.0
520,ASUS,Windows,DDR4,16,AMD,Others,1,15.6,1024,150990.0
521,Lenovo,Windows,DDR4,8,Intel,Others,2,15.6,512,39990.0
522,HP,Windows,DDR4,8,Intel,Others,1,15.6,1024,41490.0
523,DELL,Windows,DDR5,16,AMD,Others,1,,1024,206581.0
524,ASUS,Windows,DDR4,8,AMD,Others,1,15.6,512,59990.0
525,acer,Windows,DDR4,16,Intel,Others,1,,512,62990.0
526,ASUS,Windows,DDR5,16,AMD,Others,1,15.6,1024,194990.0
527,Lenovo,Windows,DDR4,8,AMD,AMD,2,15.6,512,44990.0
528,ASUS,Windows,DDR5,16,AMD,Others,1,15.6,1024,194990.0
529,ASUS,Windows,DDR4,8,AMD,Others,1,15.6,1024,62990.0
530,RedmiBook,Windows,DDR4,8,Intel,Others,1,15.6,512,39990.0
531,ASUS,Windows,DDR5,16,AMD,Others,1,15.6,1024,196990.0
532,Lenovo,Windows,DDR4,8,AMD,AMD,1,15.6,512,61990.0
533,ASUS,Windows,DDR5,16,AMD,Others,1,,1024,105990.0
534,acer,Windows,DDR5,16,Intel,Others,1,,1024,155490.0
535,Others,Windows,Others,4,Intel,Intel,1,14.0,128,19990.0
536,Lenovo,Windows,DDR4,8,AMD,AMD,2,,512,38705.0
537,ASUS,Windows,DDR4,16,AMD,Others,1,15.6,1024,85990.0
538,Lenovo,Windows,DDR4,4,Intel,Others,1,15.6,1024,33499.0
539,Infinix,Windows,Others,8,Intel,Others,1,,512,42990.0
540,Lenovo,Windows,DDR4,8,AMD,AMD,2,,512,35590.0
541,ASUS,Windows,DDR4,16,AMD,Others,1,15.6,1024,150990.0
542,HP,Windows,DDR4,8,Intel,Others,1,15.6,512,63990.0
543,acer,Windows,DDR4,16,Intel,Others,1,,1024,124990.0
544,ASUS,Windows,DDR4,4,Intel,Others,1,,128,21990.0
545,Lenovo,Windows,DDR4,4,Intel,Intel,1,14.0,256,30100.0
546,Lenovo,Windows,DDR4,8,Intel,Others,2,14.0,256,36990.0
547,Lenovo,Windows,DDR4,8,Intel,Others,2,15.6,512,39990.0
548,HP,Windows,DDR5,32,Intel,Others,1,,1024,199990.0
549,acer,Windows,DDR4,8,Intel,Others,1,15.6,1024,61130.0
550,ASUS,Windows,DDR5,16,AMD,Others,1,15.6,1024,194990.0
551,Lenovo,Windows,DDR4,8,AMD,AMD,2,15.6,512,44990.0
552,Lenovo,Windows,DDR4,8,Intel,Others,1,15.6,1024,40990.0
553,ASUS,Windows,DDR4,8,Intel,Others,1,15.6,1024,75990.0
554,HP,Windows,DDR4,8,Intel,Others,1,15.6,512,46890.0
555,Lenovo,Windows,DDR4,8,Intel,Others,1,,256,37390.0
556,Lenovo,Windows,DDR4,8,Intel,Others,2,14.0,256,36990.0
557,Lenovo,Windows,DDR4,8,Intel,Others,2,15.6,512,39990.0
558,Lenovo,Windows,DDR4,16,Intel,Others,1,15.6,512,68490.0
559,ASUS,Windows,DDR4,4,Intel,Others,1,,128,19990.0
560,RedmiBook,Windows,DDR4,8,Intel,Others,1,15.6,512,39990.0
561,ASUS,Windows,DDR5,16,AMD,Others,1,15.6,1024,196990.0
562,ASUS,Windows,DDR4,16,Intel,Others,1,14.0,512,89990.0
563,DELL,Windows,DDR4,8,Intel,Others,1,15.6,512,59790.0
564,MSI,Windows,DDR4,16,Intel,Others,2,,1024,125990.0
565,ASUS,Windows,DDR5,32,AMD,Others,1,,1024,249990.0
566,Lenovo,Windows,DDR4,8,AMD,AMD,2,,512,38705.0
567,ASUS,Windows,DDR4,16,AMD,Others,1,15.6,1024,85990.0
568,ASUS,Windows,DDR5,16,AMD,Others,1,15.6,1024,149990.0
569,DELL,Windows,DDR4,8,Intel,Intel,1,15.6,256,36990.0
570,Lenovo,Windows,DDR4,8,AMD,AMD,2,,512,35590.0
571,ASUS,Windows,DDR4,16,AMD,Others,1,15.6,1024,150990.0
572,ASUS,Windows,DDR4,16,Intel,Others,1,15.6,512,85990.0
573,HP,Windows,DDR4,8,AMD,AMD,1,14.0,512,60990.0
574,DELL,Windows,DDR5,8,Intel,Others,1,,512,87900.0
575,Lenovo,Windows,DDR4,4,AMD,Others,1,15.6,1024,27490.0
576,DELL,Windows,DDR4,8,Intel,Intel,1,15.6,256,36990.0
577,ASUS,Windows,DDR5,32,AMD,Others,1,,1024,249990.0
578,ASUS,Windows,DDR5,16,AMD,Others,1,15.6,1024,149990.0
579,RedmiBook,Windows,DDR4,8,Intel,Others,1,15.6,512,39990.0
580,HP,Windows,DDR4,8,AMD,Others,1,14.0,1024,28999.0
581,DELL,Windows,DDR5,8,Intel,Others,1,,512,87900.0
582,acer,Windows,DDR4,16,Intel,Others,1,15.6,1024,117990.0
583,Lenovo,Windows,DDR4,8,AMD,AMD,2,,512,38705.0
584,ASUS,Windows,DDR4,16,Intel,Others,1,15.6,512,85990.0
585,DELL,Windows,DDR4,8,Intel,Others,1,,1024,61497.0
586,HP,Windows,DDR4,8,AMD,AMD,1,15.6,512,70400.0
587,ASUS,Windows,DDR5,16,AMD,Others,1,15.6,1024,196990.0
588,Lenovo,Windows,DDR4,16,Intel,Others,2,,512,69000.0
589,Lenovo,Windows,DDR4,8,AMD,AMD,1,15.6,512,64490.0
590,ASUS,Windows,DDR5,16,AMD,Others,1,15.6,1024,149990.0
591,ASUS,Windows,DDR4,16,AMD,Others,1,15.6,1024,85990.0
592,HP,Windows,DDR5,8,AMD,AMD,1,,512,96579.0
593,DELL,Windows,DDR4,16,Intel,Others,1,15.6,512,101990.0
594,ASUS,Windows,DDR4,16,Intel,Others,1,14.0,512,89990.0
595,Lenovo,Windows,DDR4,8,AMD,AMD,2,,512,35590.0
596,HP,Windows,DDR5,8,AMD,AMD,1,,512,94990.0
597,MSI,Windows,DDR5,32,Intel,Others,2,15.6,1024,314990.0
598,DELL,Windows,DDR4,8,Intel,Others,2,15.6,1024,46900.0
599,ASUS,Windows,DDR4,16,AMD,Others,1,15.6,1024,150990.0
600,Lenovo,Windows,DDR4,8,Intel,Others,2,14.0,256,36990.0
601,Lenovo,Windows,DDR4,8,Intel,Others,2,15.6,512,39990.0
602,ASUS,Windows,DDR5,32,Intel,Others,1,,1024,331990.0
603,DELL,Windows,DDR5,16,Intel,Others,1,15.6,1024,116490.0
604,HP,Windows,DDR4,8,AMD,Others,1,15.6,512,64590.0
605,DELL,Windows,DDR5,16,Intel,Others,1,,1024,137990.0
606,RedmiBook,Windows,DDR4,8,Intel,Others,1,15.6,512,39990.0
607,ASUS,Windows,DDR5,16,AMD,Others,1,15.6,1024,196990.0
608,DELL,Windows,DDR4,8,Intel,Others,1,14.0,512,55690.0
609,Lenovo,Windows,DDR4,16,Intel,Others,1,15.6,512,109990.0
610,Lenovo,Windows,DDR4,8,AMD,AMD,2,,512,38705.0
611,ASUS,Windows,DDR4,16,AMD,Others,1,15.6,1024,85990.0
612,ASUS,Windows,DDR4,8,Intel,Others,1,15.6,1024,79990.0
613,ASUS,Windows,DDR4,16,AMD,Others,1,,1024,130500.0
614,ASUS,Windows,DDR5,32,AMD,Others,1,,1024,361990.0
615,ASUS,Windows,DDR5,16,AMD,Others,1,,1024,211990.0
616,Lenovo,Windows,DDR4,8,AMD,AMD,2,,512,35590.0
617,ASUS,Windows,DDR4,16,AMD,Others,1,15.6,1024,150990.0
618,DELL,Windows,DDR4,4,Intel,Others,1,15.6,256,39890.0
619,MSI,Windows,DDR4,16,Intel,Others,2,15.6,1024,139990.0
620,Lenovo,Windows,DDR4,8,AMD,AMD,1,15.6,512,73490.0
621,ASUS,Windows,DDR5,16,AMD,Others,1,15.6,1024,194990.0
622,MSI,Windows,DDR4,16,Intel,Others,2,15.6,1024,99990.0
623,HP,Windows,DDR4,16,Intel,Others,1,14.0,512,66700.0
624,DELL,Windows,DDR4,8,Intel,Others,1,15.6,1024,68990.0
625,DELL,Windows,DDR4,32,Intel,Others,1,,1024,434830.0
626,Lenovo,Windows,DDR4,8,Intel,Others,2,14.0,256,36990.0
627,Lenovo,Windows,DDR4,8,Intel,Others,2,15.6,512,39990.0
628,DELL,Windows,DDR4,32,Intel,NVIDIA,1,15.6,1024,345390.0
629,HP,Windows,DDR4,16,Intel,Others,1,15.6,512,105822.0
630,RedmiBook,Windows,DDR4,8,Intel,Others,1,15.6,512,39990.0
631,ASUS,Windows,DDR5,16,AMD,Others,1,15.6,1024,196990.0
632,Lenovo,Others,Others,4,Intel,Others,1,14.0,128,28490.0
633,Lenovo,Windows,DDR4,16,Intel,Others,1,,512,66990.0
634,acer,Windows,DDR4,8,Intel,Others,1,15.6,512,86999.0
635,ASUS,Windows,DDR4,8,Intel,Others,1,15.6,256,36990.0
636,Lenovo,Windows,DDR4,8,AMD,AMD,2,,512,38705.0
637,ASUS,Windows,DDR4,16,AMD,Others,1,15.6,1024,85990.0
638,Lenovo,Windows,DDR4,4,Intel,Intel,1,,256,23250.0
639,DELL,Windows,DDR4,8,Intel,Others,1,14.0,256,42390.0
640,Lenovo,Windows,DDR4,8,AMD,AMD,2,,512,35590.0
641,ASUS,Windows,DDR4,16,AMD,Others,1,15.6,1024,150990.0
642,Lenovo,Windows,DDR4,8,Intel,Others,1,14.0,512,58990.0
643,ASUS,Windows,DDR4,16,Intel,NVIDIA,1,15.6,1024,110990.0
644,acer,Windows,DDR4,32,Intel,NVIDIA,1,15.6,1024,74590.0
645,DELL,Windows,DDR4,8,AMD,NVIDIA,1,15.6,512,71990.0
646,ASUS,Windows,DDR5,16,AMD,Others,1,15.6,1024,194990.0
647,Lenovo,Windows,DDR4,8,AMD,AMD,2,15.6,512,44990.0
648,Lenovo,Windows,DDR4,16,Intel,Others,2,14.0,512,84990.0
649,ASUS,Windows,Others,16,AMD,Others,1,,1024,119990.0
650,Lenovo,Windows,DDR4,8,Intel,Others,2,14.0,256,36990.0
651,Lenovo,Windows,DDR4,8,Intel,Others,2,15.6,512,39990.0
652,MSI,Windows,DDR4,32,Intel,Others,2,15.6,1024,214990.0
653,MSI,Windows,DDR4,8,Intel,Others,1,14.0,512,48790.0
654,DELL,Windows,DDR4,16,AMD,AMD,1,15.6,512,76000.0
655,ASUS,Windows,Others,32,AMD,Others,1,,1024,224990.0
656,RedmiBook,Windows,DDR4,8,Intel,Others,1,15.6,512,39990.0
657,ASUS,Windows,DDR5,16,AMD,Others,1,15.6,1024,196990.0
658,Infinix,Windows,Others,8,Intel,Others,1,,512,49990.0
659,ASUS,Windows,Others,16,Intel,Others,1,,512,164990.0
660,Lenovo,Windows,DDR4,8,AMD,AMD,2,,512,38705.0
661,ASUS,Windows,DDR4,16,AMD,Others,1,15.6,1024,85990.0
662,HP,Windows,DDR4,8,AMD,AMD,1,15.6,256,31490.0
663,DELL,Windows,DDR4,8,Intel,Others,1,,512,48077.0
664,ASUS,Windows,DDR4,16,AMD,Others,1,15.6,1024,154990.0
665,ASUS,Windows,DDR4,32,Intel,Others,1,15.6,1024,224990.0
666,Lenovo,Windows,DDR4,8,AMD,AMD,2,,512,35590.0
667,ASUS,Windows,DDR4,16,AMD,Others,1,15.6,1024,150990.0
668,ASUS,Windows,DDR4,8,Intel,Others,1,15.6,1024,44990.0
669,ASUS,Windows,DDR4,8,Intel,Others,1,,512,65990.0
670,Lenovo,Windows,DDR4,8,AMD,AMD,1,15.6,512,73490.0
671,ASUS,Windows,DDR5,16,AMD,Others,1,15.6,1024,194990.0
672,ASUS,Windows,DDR4,8,Intel,Others,1,14.0,1024,31990.0
673,Lenovo,Windows,DDR4,8,Intel,Others,2,14.0,256,38980.0
674,HP,Windows,DDR4,8,AMD,AMD,1,15.6,512,68990.0
675,DELL,Windows,DDR4,8,Intel,Others,1,15.6,256,43090.0
676,Lenovo,Windows,DDR4,8,Intel,Others,2,15.6,512,39990.0
677,RedmiBook,Windows,DDR4,8,Intel,Others,1,15.6,512,39990.0
678,ASUS,Windows,DDR4,16,AMD,Others,1,15.6,1024,154990.0
679,ASUS,Windows,DDR4,8,Intel,Others,1,,512,65990.0
680,ASUS,Windows,DDR5,16,AMD,Others,1,15.6,1024,196990.0
681,Lenovo,Windows,DDR4,8,AMD,AMD,2,,512,38705.0
682,DELL,Windows,DDR4,8,Intel,Others,1,,512,49348.0
683,DELL,Windows,DDR5,16,Intel,Others,1,,512,221774.0
684,Lenovo,Windows,DDR4,8,AMD,AMD,1,15.6,512,73990.0
685,DELL,Windows,DDR4,16,AMD,AMD,1,,512,77990.0
686,ASUS,Windows,DDR4,16,AMD,Others,1,15.6,1024,85990.0
687,Lenovo,Windows,DDR4,8,AMD,AMD,2,,512,35590.0
688,DELL,Windows,DDR4,16,Intel,NVIDIA,1,15.6,1024,214790.0
689,DELL,Windows,DDR4,16,Intel,NVIDIA,1,15.6,512,199990.0
690,ASUS,Windows,DDR4,16,AMD,Others,1,15.6,1024,150990.0
691,Lenovo,Windows,DDR4,8,Intel,Others,2,14.0,256,36990.0
692,DELL,Windows,DDR4,8,Intel,Others,1,,512,48077.0
693,DELL,Windows,DDR4,8,AMD,AMD,1,,512,52414.0
694,ASUS,Windows,DDR5,16,Intel,Others,1,,1024,179990.0
695,ASUS,Others,Others,4,Intel,Others,1,14.0,128,25990.0
696,Lenovo,Windows,DDR4,8,Intel,Others,2,14.0,256,36990.0
697,Lenovo,Windows,DDR4,8,Intel,Others,2,15.6,512,39990.0
698,DELL,Windows,DDR4,16,Intel,Others,1,14.0,512,80615.0
699,ASUS,Windows,DDR5,16,AMD,Others,1,15.6,1024,155990.0
700,RedmiBook,Windows,DDR4,8,Intel,Others,1,15.6,512,39990.0
701,ASUS,Windows,DDR5,16,AMD,Others,1,15.6,1024,196990.0
702,Infinix,Windows,Others,16,Intel,Others,1,,512,49990.0
703,Lenovo,Windows,DDR4,16,Intel,Others,2,15.6,1024,157990.0
704,ASUS,Windows,DDR5,16,Intel,Others,1,15.6,512,92990.0
705,ASUS,Windows,DDR5,16,AMD,Others,1,,1024,171990.0
706,Lenovo,Windows,DDR4,8,AMD,AMD,2,,512,38705.0
707,ASUS,Windows,DDR4,16,AMD,Others,1,15.6,1024,85990.0
708,ASUS,Windows,DDR4,8,Intel,Others,1,15.6,1024,44990.0
709,ASUS,Windows,Others,16,AMD,Others,1,,1024,151990.0
710,Lenovo,Windows,DDR4,8,AMD,AMD,2,,512,35590.0
711,ASUS,Windows,DDR4,16,AMD,Others,1,15.6,1024,150990.0
712,ASUS,Windows,Others,16,Intel,Others,2,14.0,1024,233990.0
713,DELL,Windows,DDR5,16,Intel,Others,1,,512,76590.0
714,HP,Windows,DDR4,16,AMD,AMD,1,15.6,512,90000.0
715,ASUS,Others,Others,4,Intel,Others,1,14.0,128,23490.0
716,Lenovo,Windows,DDR4,8,AMD,AMD,1,15.6,512,73490.0
717,ASUS,Windows,DDR5,16,AMD,Others,1,15.6,1024,194990.0
718,ASUS,Windows,Others,16,Intel,Others,1,14.0,512,125990.0
719,Lenovo,Windows,DDR4,8,Intel,Others,1,15.6,1024,50990.0
